epoch,train_loss,val_loss,val_ppl,train_time_s,peak_mem_mb,lr
1,7.083453,6.115051,452.6190,94.44,3107.0,0.000284
2,5.821582,5.783912,325.0282,94.48,3107.0,0.000219
3,5.514324,5.622516,276.5844,94.62,3107.0,0.000132
4,5.341542,5.554726,258.4562,94.58,3107.0,0.000058
5,5.252311,5.528721,251.8217,94.63,3107.0,0.000030
