epoch,train_loss,val_loss,val_ppl,train_time_s,peak_mem_mb,lr
1,7.145269,6.246752,516.3333,82.80,2994.1,0.000284
2,5.982144,5.950738,384.0368,88.83,2994.1,0.000219
3,5.701873,5.802390,331.0900,90.09,2994.1,0.000132
4,5.535390,5.720084,304.9305,90.18,2994.1,0.000058
5,5.449337,5.688908,295.5708,89.98,2994.1,0.000030
