model,seq_len,time_ms,peak_mem_mb,throughput
transformer,256,17.31370000034076,0.0,118287.82986650411
transformer,512,49.83396249990619,0.0,82192.94221300805
transformer,1024,149.38226050035155,0.0,54839.175498892124
