model,seq_len,time_ms,peak_mem_mb,throughput
hyena,256,14.053921699951388,269.373046875,72862.22464179105
hyena,512,22.732836349950958,467.94921875,90089.9460354589
hyena,1024,45.50180565001938,863.7109375,90018.4056761329
hyena,2048,90.35186075007005,1653.40625,90667.75085751236
hyena,4096,179.7099129999424,3233.953125,91169.1499177636
